threshold,r_zero
0.0,0.0
0.05,0.0
0.1,0.0
0.15,0.0
0.2,0.0
0.25,0.0016813787305590584
0.3,0.029844472467423288
0.35,0.06347204707860446
0.4,0.1307271963009668
0.45,0.23245060949978982
0.5,0.3619167717528373
0.55,0.5069356872635561
0.6,0.5796553173602353
0.65,0.6675073560319462
0.7,0.7477931904161412
0.75,0.8259773013871374
0.8,0.8890290037831021
0.85,0.9340058848255569
0.9,0.9638503572929803
0.95,0.980243799915931
1.0,1.0
