threshold,r_zero
0.0,0.0
0.05,0.0
0.1,0.0
0.15,0.0
0.2,0.004018081366147665
0.25,0.009542943244600702
0.3,0.030135610246107485
0.35,0.0803616273229533
0.4,0.13962832747363135
0.45,0.24861878453038674
0.5,0.35258663987945754
0.55,0.44600703164239075
0.6,0.5610246107483676
0.65,0.6499246609743847
0.7,0.7388247112004018
0.75,0.8151682571572074
0.8,0.8679055750878956
0.85,0.9146157709693621
0.9,0.9417378201908588
0.95,0.9688598694123556
1.0,1.0
