threshold,r_zero
0.0,0.0
0.05,0.0
0.1,0.0
0.15,0.0
0.2,0.009023146331894862
0.25,0.027461749705766966
0.3,0.05923891722244017
0.35,0.14280109846998823
0.4,0.2185170655158886
0.45,0.3326794821498627
0.5,0.44331110239309535
0.55,0.5429580227540212
0.6,0.6684974499803845
0.65,0.7622597096900745
0.7,0.8171832091016085
0.75,0.8897606904668497
0.8,0.9219301686936053
0.85,0.9474303648489604
0.9,0.9690074539034915
0.95,0.9835229501765398
1.0,1.0
