threshold,r_zero
0.0,0.0
0.05,0.0
0.1,0.0
0.15,0.0
0.2,0.0
0.25,0.004529616724738676
0.3,0.027177700348432057
0.35,0.06411149825783972
0.4,0.1543554006968641
0.45,0.2484320557491289
0.5,0.3397212543554007
0.55,0.4369337979094077
0.6,0.5282229965156794
0.65,0.6149825783972126
0.7,0.6898954703832753
0.75,0.786411149825784
0.8,0.8797909407665505
0.85,0.9310104529616725
0.9,0.9693379790940767
0.95,0.9846689895470383
1.0,1.0
