threshold,r_zero
0.0,0.0
0.05,0.0
0.1,0.0
0.15,0.0
0.2,0.0
0.25,0.0004374453193350831
0.3,0.016622922134733157
0.35,0.06299212598425197
0.4,0.12860892388451445
0.45,0.24803149606299213
0.5,0.3967629046369204
0.55,0.48250218722659666
0.6,0.6084864391951006
0.65,0.6714785651793526
0.7,0.768591426071741
0.75,0.8280839895013123
0.8,0.8766404199475065
0.85,0.9313210848643919
0.9,0.9619422572178478
0.95,0.9829396325459318
1.0,1.0
