threshold,r_zero
0.0,0.0
0.05,0.0
0.1,0.0
0.15,0.0
0.2,0.0012274959083469722
0.25,0.004091653027823241
0.3,0.013502454991816694
0.35,0.057692307692307696
0.4,0.13175122749590834
0.45,0.20908346972176758
0.5,0.35433715220949263
0.55,0.4353518821603928
0.6,0.5274140752864157
0.65,0.6043371522094927
0.7,0.722176759410802
0.75,0.7880523731587561
0.8,0.8715220949263502
0.85,0.9198036006546645
0.9,0.9639934533551555
0.95,0.9832242225859247
1.0,1.0
