threshold,r_zero
0.0,0.0
0.05,0.0
0.1,0.0
0.15,0.0013711151736745886
0.2,0.004570383912248629
0.25,0.012340036563071298
0.3,0.035191956124314444
0.35,0.07221206581352833
0.4,0.13071297989031078
0.45,0.27239488117001825
0.5,0.386654478976234
0.55,0.4584095063985375
0.6,0.576782449725777
0.65,0.6361974405850092
0.7,0.7312614259597806
0.75,0.8148994515539305
0.8,0.9021937842778793
0.85,0.9552102376599635
0.9,0.9812614259597806
0.95,0.9908592321755028
1.0,1.0
