threshold,r_zero
0.0,0.0
0.05,0.0
0.1,0.0
0.15,0.0
0.2,0.010328292143120619
0.25,0.028402803393581703
0.3,0.08262633714496495
0.35,0.15787532275912947
0.4,0.22943563260789376
0.45,0.3430468461822206
0.5,0.42456658059756547
0.55,0.5215787532275913
0.6,0.6045739579490963
0.65,0.717078568793803
0.7,0.7580228697897455
0.75,0.8749538915529325
0.8,0.9022500922168941
0.85,0.932866101069716
0.9,0.9631132423459978
0.95,0.982294356326079
1.0,1.0
