threshold,r_zero
0.0,0.0
0.05,0.0
0.1,0.00267379679144385
0.15,0.039037433155080216
0.2,0.06363636363636363
0.25,0.09946524064171124
0.3,0.12085561497326203
0.35,0.1588235294117647
0.4,0.2283422459893048
0.45,0.5529411764705883
0.5,0.6871657754010695
0.55,0.7572192513368984
0.6,0.8176470588235294
0.65,0.8818181818181818
0.7,0.9032085561497326
0.75,0.9422459893048128
0.8,0.9475935828877006
0.85,0.9689839572192513
0.9,0.9828877005347594
0.95,0.993048128342246
1.0,1.0
