threshold,r_zero
0.0,0.0
0.05,0.0
0.1,0.0008103727714748784
0.15,0.013776337115072933
0.2,0.03403565640194489
0.25,0.059967585089141004
0.3,0.10453808752025932
0.35,0.21961102106969205
0.4,0.3095623987034036
0.45,0.41491085899513774
0.5,0.5729335494327391
0.55,0.6369529983792545
0.6,0.7147487844408428
0.65,0.8184764991896273
0.7,0.8978930307941653
0.75,0.9294975688816856
0.8,0.9635332252836305
0.85,0.9748784440842788
0.9,0.9813614262560778
0.95,0.9878444084278768
1.0,1.0
