threshold,r_zero
0.0,0.0
0.05,0.0
0.1,0.014925373134328358
0.15,0.053212199870214145
0.2,0.07722258273848151
0.25,0.10188189487345879
0.3,0.14471122647631407
0.35,0.24529526281635303
0.4,0.3835171966255678
0.45,0.5158987670343933
0.5,0.5619727449707982
0.55,0.6502271252433485
0.6,0.7352368591823492
0.65,0.8124594419208306
0.7,0.8955223880597015
0.75,0.9500324464633355
0.8,0.9662556781310837
0.85,0.9759896171317326
0.9,0.9837767683322518
0.95,0.9902660609993511
1.0,1.0
