threshold,r_zero
0.0,0.0
0.05,0.0
0.1,0.003569303985722784
0.15,0.04045211183819155
0.2,0.054729327781082686
0.25,0.08566329565734682
0.3,0.1421772754312909
0.35,0.3355145746579417
0.4,0.40392623438429504
0.45,0.5437239738251041
0.5,0.5639500297441998
0.55,0.6389054134443783
0.6,0.7388459250446163
0.65,0.7822724568709102
0.7,0.8393813206424747
0.75,0.8881618084473528
0.8,0.916716240333135
0.85,0.9417013682331945
0.9,0.9732302201070792
0.95,0.9863176680547293
1.0,1.0
