threshold,r_zero
0.0,0.0
0.05,0.0
0.1,0.005984440454817474
0.15,0.03231597845601436
0.2,0.049072411729503294
0.25,0.09395571514063435
0.3,0.18731298623578696
0.35,0.3315380011968881
0.4,0.4530221424296828
0.45,0.5822860562537403
0.5,0.6433273488928786
0.55,0.755834829443447
0.6,0.8605625374027528
0.65,0.9096349491322562
0.7,0.9616995810891682
0.75,0.9826451226810293
0.8,0.988031119090365
0.85,0.9922202274087373
0.9,0.995212447636146
0.95,0.995212447636146
1.0,1.0
