threshold,r_zero
0.0,0.0
0.05,0.0
0.1,0.0016685205784204673
0.15,0.025583982202447165
0.2,0.05561735261401557
0.25,0.0867630700778643
0.3,0.12903225806451613
0.35,0.29477196885428253
0.4,0.42658509454949944
0.45,0.4621802002224694
0.5,0.6040044493882091
0.55,0.6490545050055617
0.6,0.7408231368186874
0.65,0.8097886540600667
0.7,0.907119021134594
0.75,0.949944382647386
0.8,0.9733036707452726
0.85,0.9872080088987765
0.9,0.9911012235817576
0.95,0.9955506117908788
1.0,1.0
