threshold,r_zero
0.0,0.0
0.05,0.0
0.1,0.0
0.15,0.0
0.2,0.0
0.25,0.0
0.3,0.0011940298507462687
0.35,0.009751243781094527
0.4,0.0354228855721393
0.45,0.08019900497512437
0.5,0.16975124378109452
0.55,0.28238805970149256
0.6,0.42328358208955225
0.65,0.5810945273631841
0.7,0.7207960199004975
0.75,0.8155223880597015
0.8,0.8821890547263681
0.85,0.9377114427860697
0.9,0.9687562189054726
0.95,0.9908457711442786
1.0,1.0
