threshold,r_zero
0.0,0.0
0.05,0.0
0.1,0.0
0.15,0.0
0.2,0.0
0.25,0.0
0.3,0.004404208465867384
0.35,0.020797651088818203
0.4,0.054807927575238564
0.45,0.10570100318081722
0.5,0.18546611206263763
0.55,0.2779544898458527
0.6,0.42941032542206997
0.65,0.5676535356006851
0.7,0.6980670418399805
0.75,0.8093956447271837
0.8,0.8874480058722779
0.85,0.9444580376804502
0.9,0.9725960362123807
0.95,0.9875214093467091
1.0,1.0
