threshold,r_zero
0.0,0.0
0.05,0.0
0.1,0.0
0.15,0.0
0.2,0.0
0.25,0.0023541721161391576
0.3,0.013863458017263929
0.35,0.055192257389484696
0.4,0.12607899555323046
0.45,0.1849332984567094
0.5,0.2673293225215799
0.55,0.39602406487052055
0.6,0.49516086842793616
0.65,0.5908972011509286
0.7,0.7245618624117185
0.75,0.8153282762228616
0.8,0.880983520795187
0.85,0.9285901124771122
0.9,0.9623332461417735
0.95,0.9816897724300288
1.0,1.0
