threshold,r_zero
0.0,0.0
0.05,0.0
0.1,0.0
0.15,0.0
0.2,0.0006213109661385523
0.25,0.009940975458216837
0.3,0.05436470953712333
0.35,0.12301957129543337
0.4,0.2214973594283939
0.45,0.3401677539608574
0.5,0.427461944703324
0.55,0.51071761416589
0.6,0.5986331158744952
0.65,0.6871699285492389
0.7,0.7788132960546754
0.75,0.8533706119913016
0.8,0.9151910531220876
0.85,0.940354147250699
0.9,0.9596147872009941
0.95,0.9732836284560422
1.0,1.0
