threshold,r_zero
0.0,0.0
0.05,0.0
0.1,0.0
0.15,0.0
0.2,0.0
0.25,0.0
0.3,0.00720675944333996
0.35,0.032803180914512925
0.4,0.08374751491053678
0.45,0.16351888667992048
0.5,0.2629224652087475
0.55,0.3757455268389662
0.6,0.522117296222664
0.65,0.6376739562624254
0.7,0.7358349900596421
0.75,0.8349900596421471
0.8,0.9073061630218688
0.85,0.9470675944333996
0.9,0.9756461232604374
0.95,0.9888170974155069
1.0,1.0
