threshold,r_zero
0.0,0.0
0.05,0.0
0.1,0.0
0.15,0.0
0.2,0.0063758389261744965
0.25,0.04865771812080537
0.3,0.10604026845637583
0.35,0.15067114093959733
0.4,0.24798657718120806
0.45,0.33557046979865773
0.5,0.3906040268456376
0.55,0.47516778523489933
0.6,0.5802013422818791
0.65,0.6785234899328859
0.7,0.7429530201342281
0.75,0.8151006711409396
0.8,0.8788590604026846
0.85,0.9140939597315436
0.9,0.9449664429530201
0.95,0.9708053691275168
1.0,1.0
