threshold,r_zero
0.0,0.0
0.05,0.0
0.1,0.0
0.15,0.0
0.2,0.00029214139643587495
0.25,0.009056383289512124
0.3,0.050248320186970494
0.35,0.09874379199532574
0.4,0.17353198948290974
0.45,0.24364592462751972
0.5,0.34063686824423023
0.55,0.4431784983932223
0.6,0.5460122699386503
0.65,0.6649138182880514
0.7,0.761612620508326
0.75,0.8475021910604733
0.8,0.9044697633654689
0.85,0.9430324276950044
0.9,0.9710780017528484
0.95,0.9842243645924628
1.0,1.0
