threshold,r_zero
0.0,0.0
0.05,0.0
0.1,0.0
0.15,0.0
0.2,0.0036089238845144356
0.25,0.023622047244094488
0.3,0.09087926509186352
0.35,0.15059055118110237
0.4,0.23293963254593175
0.45,0.3218503937007874
0.5,0.40846456692913385
0.55,0.52001312335958
0.6,0.6240157480314961
0.65,0.7221128608923885
0.7,0.7952755905511811
0.75,0.8612204724409449
0.8,0.9068241469816273
0.85,0.9399606299212598
0.9,0.9603018372703412
0.95,0.9753937007874016
1.0,1.0
