threshold,r_zero
0.0,0.0
0.05,0.0
0.1,0.0
0.15,0.0
0.2,0.0006079027355623101
0.25,0.01033434650455927
0.3,0.036778115501519756
0.35,0.09027355623100304
0.4,0.15531914893617021
0.45,0.2243161094224924
0.5,0.31063829787234043
0.55,0.4106382978723404
0.6,0.5036474164133738
0.65,0.5875379939209726
0.7,0.6942249240121581
0.75,0.7738601823708207
0.8,0.8480243161094225
0.85,0.9155015197568389
0.9,0.9544072948328267
0.95,0.9805471124620061
1.0,1.0
