threshold,r_zero
0.0,0.0
0.05,0.0
0.1,0.0
0.15,0.0002802690582959641
0.2,0.00616591928251121
0.25,0.049047085201793725
0.3,0.0944506726457399
0.35,0.17208520179372197
0.4,0.27158071748878926
0.45,0.35285874439461884
0.5,0.4517937219730942
0.55,0.5414798206278026
0.6,0.6334080717488789
0.65,0.7250560538116592
0.7,0.797085201793722
0.75,0.8699551569506726
0.8,0.9229260089686099
0.85,0.945627802690583
0.9,0.9669282511210763
0.95,0.9801008968609866
1.0,1.0
