threshold,r_zero
0.0,0.0
0.05,0.0
0.1,0.0
0.15,0.0
0.2,0.0
0.25,0.0028926815157651145
0.3,0.03471217818918137
0.35,0.09430141741394273
0.4,0.19814868382991033
0.45,0.3022852183974544
0.5,0.4700607463118311
0.55,0.5970494648539196
0.6,0.6916401504194388
0.65,0.8319352039340469
0.7,0.9028059010702921
0.75,0.9346253977437085
0.8,0.9566097772635233
0.85,0.9797512293896442
0.9,0.989297078391669
0.95,0.9950824414231993
1.0,1.0
