threshold,r_zero
0.0,0.0
0.05,0.0
0.1,0.0
0.15,0.0
0.2,0.0
0.25,0.005206906001644286
0.3,0.037544532748698276
0.35,0.11592217045765964
0.4,0.2129350506988216
0.45,0.3655796108522883
0.5,0.4741024938339271
0.55,0.5908468073444779
0.6,0.7289668402302001
0.65,0.8147437654151822
0.7,0.8514661551109893
0.75,0.8881885448067964
0.8,0.9249109345026034
0.85,0.9501233214579337
0.9,0.9761578514661551
0.95,0.9920526171553851
1.0,1.0
