threshold,r_zero
0.0,0.0
0.05,0.0
0.1,0.0
0.15,0.0
0.2,0.002179440610243371
0.25,0.018162005085361425
0.3,0.0726480203414457
0.35,0.17617144932800582
0.4,0.278241917907737
0.45,0.379949146385761
0.5,0.4874682164911006
0.55,0.6069742099527787
0.6,0.7246640029059208
0.65,0.83617871413004
0.7,0.9055575735561205
0.75,0.9433345441336723
0.8,0.9662186705412278
0.85,0.9763893933890302
0.9,0.982564475118053
0.95,0.9898292771521976
1.0,1.0
