threshold,r_zero
0.0,0.0
0.05,0.0
0.1,0.0
0.15,0.0
0.2,0.001635322976287817
0.25,0.020850367947669663
0.3,0.10057236304170074
0.35,0.17416189697465248
0.4,0.2784137367130008
0.45,0.38430089942763695
0.5,0.5036794766966476
0.55,0.6819296811120196
0.6,0.7984464431725266
0.65,0.8544562551103843
0.7,0.883892068683565
0.75,0.9390842191332788
0.8,0.9713818479149632
0.85,0.9840556009811938
0.9,0.9889615699100572
0.95,0.9930498773507768
1.0,1.0
