threshold,r_zero
0.0,0.0
0.05,0.0
0.1,0.0
0.15,0.0
0.2,0.0
0.25,0.010711225364181662
0.3,0.03470437017994859
0.35,0.10454155955441302
0.4,0.20779777206512426
0.45,0.3658954584404456
0.5,0.4691516709511568
0.55,0.5501285347043702
0.6,0.6662382176520995
0.65,0.7485004284490145
0.7,0.8350471293916024
0.75,0.8693230505569837
0.8,0.9057412167952014
0.85,0.9481576692373608
0.9,0.967866323907455
0.95,0.9837189374464439
1.0,1.0
