threshold,r_zero
0.0,0.0
0.05,0.0
0.1,0.0
0.15,0.0
0.2,0.0
0.25,0.012915129151291513
0.3,0.04012915129151291
0.35,0.08071955719557196
0.4,0.17850553505535055
0.45,0.25968634686346864
0.5,0.42850553505535055
0.55,0.5793357933579336
0.6,0.6900369003690037
0.65,0.764760147601476
0.7,0.8076568265682657
0.75,0.8505535055350554
0.8,0.8874538745387454
0.85,0.9206642066420664
0.9,0.9441881918819188
0.95,0.9880073800738007
1.0,1.0
