threshold,r_zero
0.0,0.0
0.05,0.0
0.1,0.0
0.15,0.0
0.2,0.0
0.25,0.025102459016393443
0.3,0.0855532786885246
0.35,0.1992827868852459
0.4,0.3417008196721312
0.45,0.4456967213114754
0.5,0.5522540983606558
0.55,0.6685450819672131
0.6,0.7489754098360656
0.65,0.8258196721311475
0.7,0.8734631147540983
0.75,0.9016393442622951
0.8,0.9293032786885246
0.85,0.951844262295082
0.9,0.9748975409836066
0.95,0.9851434426229508
1.0,1.0
