threshold,r_zero
0.0,0.0
0.05,0.0
0.1,0.0
0.15,0.001037344398340249
0.2,0.044605809128630707
0.25,0.1696058091286307
0.3,0.29149377593361
0.35,0.42012448132780084
0.4,0.49636929460580914
0.45,0.5871369294605809
0.5,0.7235477178423236
0.55,0.8117219917012448
0.6,0.8672199170124482
0.65,0.9076763485477178
0.7,0.928941908713693
0.75,0.950207468879668
0.8,0.9730290456431535
0.85,0.979253112033195
0.9,0.9891078838174274
0.95,0.991701244813278
1.0,1.0
