threshold,r_zero
0.0,0.0
0.05,0.0
0.1,0.0
0.15,0.0
0.2,0.0
0.25,0.01818181818181818
0.3,0.05350649350649351
0.35,0.19012987012987012
0.4,0.31532467532467534
0.45,0.4062337662337662
0.5,0.5792207792207792
0.55,0.7007792207792207
0.6,0.7875324675324675
0.65,0.8571428571428571
0.7,0.9553246753246754
0.75,0.9662337662337662
0.8,0.9709090909090909
0.85,0.9812987012987013
0.9,0.9849350649350649
0.95,0.9864935064935065
1.0,1.0
