threshold,r_zero
0.0,0.0
0.05,0.0
0.1,0.0
0.15,0.0
0.2,0.0
0.25,0.003968253968253968
0.3,0.025252525252525252
0.35,0.08838383838383838
0.4,0.16955266955266957
0.45,0.3077200577200577
0.5,0.424963924963925
0.55,0.5223665223665224
0.6,0.6504329004329005
0.65,0.7546897546897547
0.7,0.8398268398268398
0.75,0.8939393939393939
0.8,0.9318181818181818
0.85,0.9689754689754689
0.9,0.9862914862914863
0.95,0.9942279942279942
1.0,1.0
