threshold,r_zero
0.0,0.0
0.05,0.0
0.1,0.0
0.15,0.0
0.2,0.004791566842357451
0.25,0.021082894106372783
0.3,0.061332055582175374
0.35,0.19453761379971252
0.4,0.3071394345951126
0.45,0.39386679444178246
0.5,0.6051748921897461
0.55,0.7278390033540968
0.6,0.8174413033061811
0.65,0.8658361284139914
0.7,0.9214183037853378
0.75,0.9439386679444178
0.8,0.9554384283660757
0.85,0.9674173454719693
0.9,0.9789171058936272
0.95,0.9923334930522281
1.0,1.0
