threshold,r_zero
0.0,0.0
0.05,0.0
0.1,0.0
0.15,0.0
0.2,0.0
0.25,0.0003075030750307503
0.3,0.011685116851168511
0.35,0.05289052890528905
0.4,0.1429889298892989
0.45,0.23923739237392375
0.5,0.35362853628536284
0.55,0.477859778597786
0.6,0.5790282902829028
0.65,0.7250922509225092
0.7,0.7988929889298892
0.75,0.8557810578105781
0.8,0.9086715867158671
0.85,0.9332718327183271
0.9,0.9529520295202952
0.95,0.9735547355473555
1.0,1.0
