threshold,r_zero
0.0,0.0
0.05,0.0
0.1,0.0
0.15,0.0
0.2,0.0
0.25,0.0005455537370430987
0.3,0.013638843426077468
0.35,0.050190943807965085
0.4,0.12384069830878341
0.45,0.1890343698854337
0.5,0.2765957446808511
0.55,0.381342062193126
0.6,0.4929078014184397
0.65,0.6402073104200764
0.7,0.7468630660120021
0.75,0.8265139116202946
0.8,0.8887070376432079
0.85,0.92253136933988
0.9,0.9530823786142935
0.95,0.9754500818330606
1.0,1.0
