threshold,r_zero
0.0,0.0
0.05,0.0
0.1,0.0
0.15,0.0
0.2,0.0
0.25,0.0030546009927453228
0.3,0.06643757159221077
0.35,0.16265750286368844
0.4,0.29858724704085526
0.45,0.4616265750286369
0.5,0.5586101565483009
0.55,0.6597938144329897
0.6,0.764413898434517
0.65,0.8098510882016037
0.7,0.8900343642611683
0.75,0.9201985490645285
0.8,0.9358533791523482
0.85,0.9476899579992364
0.9,0.9618174875906834
0.95,0.9744177166857579
1.0,1.0
