threshold,r_zero
0.0,0.0
0.05,0.0
0.1,0.0
0.15,0.0
0.2,0.0
0.25,0.0
0.3,0.0023894862604540022
0.35,0.01696535244922342
0.4,0.06045400238948626
0.45,0.11636798088410992
0.5,0.1875746714456392
0.55,0.2912783751493429
0.6,0.37753882915173237
0.65,0.5359617682198328
0.7,0.6482676224611709
0.75,0.7569892473118279
0.8,0.834647550776583
0.85,0.8948626045400239
0.9,0.9381123058542413
0.95,0.9636798088410992
1.0,1.0
