threshold,r_zero
0.0,0.0
0.05,0.0
0.1,0.0
0.15,0.0
0.2,0.0003616636528028933
0.25,0.04593128390596745
0.3,0.1674502712477396
0.35,0.3132007233273056
0.4,0.4198915009041591
0.45,0.5240506329113924
0.5,0.6278481012658228
0.55,0.7074141048824593
0.6,0.8086799276672695
0.65,0.8509945750452079
0.7,0.8755877034358047
0.75,0.925497287522604
0.8,0.9406871609403255
0.85,0.9591320072332731
0.9,0.9725135623869801
0.95,0.9826401446654611
1.0,1.0
