threshold,r_zero
0.0,0.0
0.05,0.0
0.1,0.0
0.15,0.0
0.2,0.0015661707126076742
0.25,0.022709475332811275
0.3,0.1264682850430697
0.35,0.22161315583398591
0.4,0.37196554424432265
0.45,0.5078308535630384
0.5,0.5873140172278778
0.55,0.668363351605325
0.6,0.7415818324197337
0.65,0.783476898981989
0.7,0.8465152701644479
0.75,0.8790133124510572
0.8,0.9025058731401723
0.85,0.9244322631166797
0.9,0.9428347689898199
0.95,0.9592795614722005
1.0,1.0
