threshold,r_zero
0.0,0.0
0.05,0.0
0.1,0.0
0.15,0.0
0.2,0.0
0.25,0.0015206812652068127
0.3,0.03467153284671533
0.35,0.1031021897810219
0.4,0.21441605839416059
0.45,0.319647201946472
0.5,0.4318734793187348
0.55,0.5611313868613139
0.6,0.6605839416058394
0.65,0.7795012165450121
0.7,0.8351581508515815
0.75,0.8920316301703163
0.8,0.9315693430656934
0.85,0.9525547445255474
0.9,0.9714111922141119
0.95,0.9838807785888077
1.0,1.0
