threshold,r_zero
0.0,0.0
0.05,0.0
0.1,0.0
0.15,0.0
0.2,0.0
0.25,0.0038204393505253103
0.3,0.06335561922954473
0.35,0.1451766953199618
0.4,0.25692454632282713
0.45,0.4005093919134034
0.5,0.5374084686405604
0.55,0.6405603311047438
0.6,0.7491244826488379
0.65,0.8121617319325056
0.7,0.874880611270296
0.75,0.9146768545049347
0.8,0.9398280802292264
0.85,0.9598853868194842
0.9,0.9694364851957975
0.95,0.979624323463865
1.0,1.0
