threshold,r_zero
0.0,0.0
0.05,0.0
0.1,0.0
0.15,0.0
0.2,0.0
0.25,0.004368279569892473
0.3,0.03461021505376344
0.35,0.09106182795698925
0.4,0.14012096774193547
0.45,0.2368951612903226
0.5,0.32560483870967744
0.55,0.41397849462365593
0.6,0.5601478494623656
0.65,0.6428091397849462
0.7,0.7167338709677419
0.75,0.800739247311828
0.8,0.8464381720430108
0.85,0.8894489247311828
0.9,0.9358198924731183
0.95,0.9653897849462365
1.0,1.0
