threshold,r_zero
0.0,0.0
0.05,0.0
0.1,0.0
0.15,0.0
0.2,0.005233494363929146
0.25,0.033816425120772944
0.3,0.08373590982286634
0.35,0.13003220611916264
0.4,0.21900161030595813
0.45,0.2777777777777778
0.5,0.35628019323671495
0.55,0.4690016103059581
0.6,0.5446859903381642
0.65,0.6670692431561996
0.7,0.7415458937198067
0.75,0.8083735909822867
0.8,0.8808373590982287
0.85,0.9251207729468599
0.9,0.9601449275362319
0.95,0.9798711755233495
1.0,1.0
