threshold,r_zero
0.0,0.0
0.05,0.0
0.1,0.0
0.15,0.0
0.2,0.001682935038707506
0.25,0.009087849209020532
0.3,0.04442948502187816
0.35,0.09155166610568832
0.4,0.1447324133288455
0.45,0.2265230562100303
0.5,0.29417704476607204
0.55,0.3648603163917873
0.6,0.4951194883877482
0.65,0.578929653315382
0.7,0.6735106024907439
0.75,0.7896331201615617
0.8,0.8243015819589364
0.85,0.8646920228879166
0.9,0.9081117468865701
0.95,0.9498485358465163
1.0,1.0
