threshold,r_zero
0.0,0.0
0.05,0.0
0.1,0.0
0.15,0.0
0.2,0.0
0.25,0.0011065006915629322
0.3,0.010235131396957123
0.35,0.031258644536652835
0.4,0.08520055325034578
0.45,0.15186721991701244
0.5,0.23125864453665285
0.55,0.33360995850622405
0.6,0.4218533886583679
0.65,0.5515905947441218
0.7,0.6473029045643154
0.75,0.7280774550484094
0.8,0.7977869986168742
0.85,0.844536652835408
0.9,0.8948824343015215
0.95,0.9369294605809129
1.0,1.0
