threshold,r_zero
0.0,0.0
0.05,0.0
0.1,0.0
0.15,0.0
0.2,0.0
0.25,0.00303951367781155
0.3,0.02093887200270179
0.35,0.06416751097602161
0.4,0.1540020263424519
0.45,0.24451198919284026
0.5,0.34785545423843295
0.55,0.4542384329618372
0.6,0.5467747382641
0.65,0.6487673083417764
0.7,0.7196892941573793
0.75,0.7828436339074637
0.8,0.8578183046268153
0.85,0.9145558932792975
0.9,0.9594731509625126
0.95,0.9821006416751098
1.0,1.0
