threshold,r_zero
0.0,0.0
0.05,0.0
0.1,0.0
0.15,0.0
0.2,0.00035298270384751147
0.25,0.010236498411577833
0.3,0.05118249205788916
0.35,0.09671726085421814
0.4,0.15848923402753265
0.45,0.2520296505471232
0.5,0.31556653723967526
0.55,0.38333921637839746
0.6,0.5315919519943523
0.65,0.6431344864101659
0.7,0.7334980585951288
0.75,0.8408048005647724
0.8,0.861983762795623
0.85,0.8951641369572891
0.9,0.939286974938228
0.95,0.9611719025767738
1.0,1.0
