threshold,r_zero
0.0,0.0
0.05,0.0
0.1,0.0
0.15,0.0
0.2,0.0
0.25,0.0009099181073703367
0.3,0.008492569002123142
0.35,0.030633909614801336
0.4,0.0794661813770094
0.45,0.14225053078556263
0.5,0.21959356991204124
0.55,0.32120109190172885
0.6,0.3961176827418866
0.65,0.5131938125568699
0.7,0.6132848043676069
0.75,0.7057931452835912
0.8,0.7888989990900819
0.85,0.832271762208068
0.9,0.8801941158629056
0.95,0.9287230815893236
1.0,1.0
