threshold,r_zero
0.0,0.0
0.05,0.0
0.1,0.0
0.15,0.0
0.2,0.0
0.25,0.0
0.3,0.0
0.35,0.0
0.4,0.0
0.45,0.00889121338912134
0.5,0.051255230125523014
0.55,0.12813807531380753
0.6,0.22960251046025104
0.65,0.33158995815899583
0.7,0.3985355648535565
0.75,0.45763598326359833
0.8,0.5036610878661087
0.85,0.5486401673640168
0.9,0.5915271966527197
0.95,0.6359832635983264
1.0,1.0
