threshold,r_zero
0.0,0.0
0.05,0.0
0.1,0.0
0.15,0.0
0.2,0.0
0.25,0.0
0.3,0.004367843229842993
0.35,0.023728013221579507
0.4,0.06303860229016645
0.45,0.09845354739700153
0.5,0.15759650572541611
0.55,0.36512808405146974
0.6,0.4215558965883603
0.65,0.534647621296187
0.7,0.5659308228072246
0.75,0.592492031637351
0.8,0.6704049108723882
0.85,0.682445992208712
0.9,0.7047574076260181
0.95,0.7121945460984536
1.0,1.0
