threshold,r_zero
0.0,0.0
0.05,0.0
0.1,0.0
0.15,0.0
0.2,0.0
0.25,0.0
0.3,0.0
0.35,0.0
0.4,0.0018436578171091445
0.45,0.018805309734513276
0.5,0.0778023598820059
0.55,0.16740412979351033
0.6,0.26806784660766964
0.65,0.3547197640117994
0.7,0.43178466076696165
0.75,0.5306047197640118
0.8,0.6976401179941003
0.85,0.7702802359882006
0.9,0.8156342182890856
0.95,0.8429203539823009
1.0,1.0
