threshold,r_zero
0.0,0.0
0.05,0.0
0.1,0.0
0.15,0.0
0.2,0.0
0.25,0.004816955684007707
0.3,0.03641618497109827
0.35,0.10655105973025049
0.4,0.16473988439306358
0.45,0.2541425818882466
0.5,0.4443159922928709
0.55,0.5606936416184971
0.6,0.6986512524084778
0.65,0.7707129094412332
0.7,0.8314065510597303
0.75,0.9052023121387284
0.8,0.9369942196531792
0.85,0.9526011560693641
0.9,0.9624277456647399
0.95,0.9695568400770713
1.0,1.0
