threshold,r_zero
0.0,0.0
0.05,0.0
0.1,0.0
0.15,0.0
0.2,0.0
0.25,0.0
0.3,0.0
0.35,0.006112671402610276
0.4,0.03998017511977532
0.45,0.08458615562530976
0.5,0.19758797290599703
0.55,0.32264992565669914
0.6,0.4103750206509169
0.65,0.5633570130513795
0.7,0.6310920204857096
0.75,0.8058813811333223
0.8,0.8818767553279365
0.85,0.9109532463241368
0.9,0.9449859573765075
0.95,0.956220056170494
1.0,1.0
