threshold,r_zero
0.0,0.0
0.05,0.0
0.1,0.0
0.15,0.0
0.2,0.0
0.25,0.0
0.3,0.012138728323699421
0.35,0.04797687861271676
0.4,0.09768786127167631
0.45,0.16127167630057804
0.5,0.2606936416184971
0.55,0.41271676300578036
0.6,0.47861271676300576
0.65,0.5329479768786127
0.7,0.6034682080924856
0.75,0.6468208092485549
0.8,0.6728323699421965
0.85,0.6878612716763006
0.9,0.6953757225433526
0.95,0.7023121387283237
1.0,1.0
