threshold,r_zero
0.0,0.0
0.05,0.0
0.1,0.0
0.15,0.0
0.2,0.0
0.25,0.0
0.3,0.00028312570781426955
0.35,0.015288788221970554
0.4,0.06879954699886749
0.45,0.13759909399773498
0.5,0.2154586636466591
0.55,0.38873159682899205
0.6,0.5048131370328426
0.65,0.5900339750849377
0.7,0.6435447338618346
0.75,0.681766704416761
0.8,0.7092298980747452
0.85,0.7219705549263873
0.9,0.72480181200453
0.95,0.7330124575311439
1.0,1.0
