threshold,r_zero
0.0,0.0
0.05,0.0
0.1,0.0
0.15,0.0
0.2,0.0
0.25,0.0
0.3,0.0
0.35,0.0
0.4,0.0032810791104629965
0.45,0.022967553773240976
0.5,0.06306963179001093
0.55,0.21946773605541378
0.6,0.32409770324462267
0.65,0.41195771053590957
0.7,0.4950783813343055
0.75,0.5749179730222385
0.8,0.7703244622675902
0.85,0.8352169157856362
0.9,0.8585490339044841
0.95,0.8818811520233322
1.0,1.0
