threshold,r_zero
0.0,0.0
0.05,0.0
0.1,0.0
0.15,0.0
0.2,0.0
0.25,0.007660687593423019
0.3,0.044656203288490286
0.35,0.0766068759342302
0.4,0.12070254110612855
0.45,0.19656203288490284
0.5,0.3776158445440957
0.55,0.5328849028400597
0.6,0.6031390134529148
0.65,0.6986173393124065
0.7,0.7513079222720478
0.75,0.7875560538116592
0.8,0.827727952167414
0.85,0.8523916292974589
0.9,0.8602391629297459
0.95,0.8693946188340808
1.0,1.0
