threshold,r_zero
0.0,0.0
0.05,0.0
0.1,0.0
0.15,0.0
0.2,0.0
0.25,0.0
0.3,0.0
0.35,0.036231884057971016
0.4,0.1381340579710145
0.45,0.22531702898550723
0.5,0.281929347826087
0.55,0.4784873188405797
0.6,0.5711050724637681
0.65,0.6295289855072463
0.7,0.6533061594202898
0.75,0.6544384057971014
0.8,0.6544384057971014
0.85,0.6560235507246377
0.9,0.6582880434782609
0.95,0.661911231884058
1.0,1.0
