threshold,r_zero
0.0,0.0
0.05,0.0
0.1,0.0
0.15,0.0
0.2,0.0
0.25,0.0
0.3,0.0018587360594795538
0.35,0.020859149111937217
0.4,0.06257744733581165
0.45,0.11296984717059066
0.5,0.25051631557207765
0.55,0.42482445270549357
0.6,0.5055762081784386
0.65,0.5885997521685254
0.7,0.7370921106980587
0.75,0.7777777777777778
0.8,0.8042131350681536
0.85,0.868855844692276
0.9,0.8781495249896737
0.95,0.8872366790582404
1.0,1.0
