threshold,r_zero
0.0,0.0
0.05,0.0
0.1,0.0
0.15,0.0
0.2,0.0
0.25,0.0
0.3,0.007075471698113208
0.35,0.03436657681940701
0.4,0.07580862533692723
0.45,0.1320754716981132
0.5,0.21057951482479784
0.55,0.4164420485175202
0.6,0.5016846361185984
0.65,0.5626684636118598
0.7,0.6115229110512129
0.75,0.7129380053908356
0.8,0.8497304582210242
0.85,0.8814016172506739
0.9,0.8871293800539084
0.95,0.8925202156334232
1.0,1.0
