threshold,r_zero
0.0,0.0
0.05,0.0
0.1,0.0
0.15,0.0
0.2,0.008146639511201629
0.25,0.05363204344874406
0.3,0.15546503733876443
0.35,0.22471147318397827
0.4,0.3048200950441276
0.45,0.36320434487440595
0.5,0.4460285132382892
0.55,0.6028513238289206
0.6,0.6524100475220638
0.65,0.693143245078072
0.7,0.7216564833672776
0.75,0.8241683638832314
0.8,0.9035980991174474
0.85,0.9144602851323829
0.9,0.9327902240325866
0.95,0.9490835030549898
1.0,1.0
