threshold,r_zero
0.0,0.0
0.05,0.0
0.1,0.0
0.15,0.0
0.2,0.0
0.25,0.0
0.3,0.00031269543464665416
0.35,0.007191994996873046
0.4,0.04346466541588493
0.45,0.10006253908692933
0.5,0.19011882426516574
0.55,0.30112570356472795
0.6,0.4024390243902439
0.65,0.48561601000625393
0.7,0.5784865540963102
0.75,0.6447779862414009
0.8,0.6960600375234521
0.85,0.7257661038148843
0.9,0.7473420888055035
0.95,0.7545340838023765
1.0,1.0
