threshold,r_zero
0.0,0.0
0.05,0.0
0.1,0.0
0.15,0.0
0.2,0.0
0.25,0.0
0.3,0.0
0.35,0.002763819095477387
0.4,0.02964824120603015
0.45,0.07688442211055277
0.5,0.14221105527638192
0.55,0.2899497487437186
0.6,0.3879396984924623
0.65,0.46256281407035177
0.7,0.5550251256281407
0.75,0.6135678391959799
0.8,0.6384422110552764
0.85,0.6492462311557788
0.9,0.6535175879396985
0.95,0.6557788944723618
1.0,1.0
