threshold,r_zero
0.0,0.0
0.05,0.0
0.1,0.0
0.15,0.0
0.2,0.0
0.25,0.0
0.3,0.00026253609871357313
0.35,0.007088474665266474
0.4,0.026253609871357313
0.45,0.057232869519558936
0.5,0.1504331845628774
0.55,0.27093725387240747
0.6,0.3525859805723287
0.65,0.4536623785770543
0.7,0.5371488579679706
0.75,0.6923076923076923
0.8,0.8298766080336046
0.85,0.8815962194801785
0.9,0.915725912312943
0.95,0.9314780782357575
1.0,1.0
