threshold,r_zero
0.0,0.0
0.05,0.0
0.1,0.0
0.15,0.0
0.2,0.0
0.25,0.0
0.3,0.000975609756097561
0.35,0.032926829268292684
0.4,0.059024390243902436
0.45,0.1002439024390244
0.5,0.2197560975609756
0.55,0.37658536585365854
0.6,0.49073170731707316
0.65,0.64
0.7,0.72
0.75,0.8595121951219512
0.8,0.8875609756097561
0.85,0.9136585365853659
0.9,0.9473170731707317
0.95,0.9653658536585366
1.0,1.0
