threshold,r_zero
0.0,0.0
0.05,0.0
0.1,0.0
0.15,0.0
0.2,0.0
0.25,0.0
0.3,0.0053475935828877
0.35,0.0374331550802139
0.4,0.10695187165775401
0.45,0.20053475935828877
0.5,0.33288770053475936
0.55,0.5748663101604278
0.6,0.6189839572192514
0.65,0.713903743315508
0.7,0.7620320855614974
0.75,0.7994652406417112
0.8,0.8235294117647058
0.85,0.8315508021390374
0.9,0.8409090909090909
0.95,0.8409090909090909
1.0,1.0
