threshold,r_zero
0.0,0.0
0.05,0.0
0.1,0.0
0.15,0.0
0.2,0.03365384615384615
0.25,0.07932692307692307
0.3,0.10576923076923077
0.35,0.1201923076923077
0.4,0.17548076923076922
0.45,0.24158653846153846
0.5,0.42427884615384615
0.55,0.6334134615384616
0.6,0.6586538461538461
0.65,0.7067307692307693
0.7,0.7632211538461539
0.75,0.7824519230769231
0.8,0.7980769230769231
0.85,0.8100961538461539
0.9,0.8257211538461539
0.95,0.8305288461538461
1.0,1.0
