threshold,r_zero
0.0,0.0
0.05,0.0
0.1,0.0
0.15,0.0
0.2,0.0
0.25,0.0
0.3,0.0
0.35,0.002125041941617269
0.4,0.030086120120791857
0.45,0.06554076725198524
0.5,0.14651604965887485
0.55,0.2811766021697797
0.6,0.41002125041941617
0.65,0.4760093949222682
0.7,0.571748126607762
0.75,0.6820266189464266
0.8,0.8031540096186109
0.85,0.8236215188457667
0.9,0.8666815792416955
0.95,0.8830108488983335
1.0,1.0
