threshold,r_zero
0.0,0.0
0.05,0.0
0.1,0.0
0.15,0.0
0.2,0.0
0.25,0.0
0.3,0.0
0.35,0.0038095238095238095
0.4,0.026285714285714287
0.45,0.0761904761904762
0.5,0.17066666666666666
0.55,0.2864761904761905
0.6,0.4045714285714286
0.65,0.49257142857142855
0.7,0.5824761904761905
0.75,0.7192380952380952
0.8,0.8773333333333333
0.85,0.916952380952381
0.9,0.939047619047619
0.95,0.9558095238095238
1.0,1.0
