threshold,r_zero
0.0,0.0
0.05,0.0
0.1,0.0
0.15,0.011695906432748537
0.2,0.04678362573099415
0.25,0.07992202729044834
0.3,0.1286549707602339
0.35,0.17738791423001948
0.4,0.2222222222222222
0.45,0.2787524366471735
0.5,0.3684210526315789
0.55,0.5672514619883041
0.6,0.6627680311890838
0.65,0.7270955165692008
0.7,0.7777777777777778
0.75,0.8089668615984406
0.8,0.8265107212475633
0.85,0.847953216374269
0.9,0.847953216374269
0.95,0.847953216374269
1.0,1.0
