threshold,r_zero
0.0,0.0
0.05,0.0
0.1,0.0
0.15,0.0
0.2,0.0
0.25,0.0
0.3,0.0
0.35,0.0023277467411545625
0.4,0.02281191806331471
0.45,0.06610800744878957
0.5,0.12523277467411545
0.55,0.3016759776536313
0.6,0.4399441340782123
0.65,0.5507448789571695
0.7,0.6280260707635009
0.75,0.664804469273743
0.8,0.7788640595903166
0.85,0.797951582867784
0.9,0.8109869646182495
0.95,0.8286778398510242
1.0,1.0
