threshold,r_zero
0.0,0.0
0.05,0.0
0.1,0.0
0.15,0.0
0.2,0.0
0.25,0.0
0.3,0.0
0.35,0.0
0.4,0.0
0.45,0.008316831683168317
0.5,0.030099009900990098
0.55,0.10851485148514851
0.6,0.1710891089108911
0.65,0.2324752475247525
0.7,0.29108910891089107
0.75,0.33940594059405943
0.8,0.38772277227722773
0.85,0.4403960396039604
0.9,0.5045544554455446
0.95,0.5437623762376238
1.0,1.0
