threshold,r_zero
0.0,0.0
0.05,0.0
0.1,0.0
0.15,0.0
0.2,0.0
0.25,0.0
0.3,0.0
0.35,0.004
0.4,0.036571428571428574
0.45,0.10342857142857143
0.5,0.1742857142857143
0.55,0.3102857142857143
0.6,0.388
0.65,0.456
0.7,0.5171428571428571
0.75,0.5874285714285714
0.8,0.6257142857142857
0.85,0.672
0.9,0.6874285714285714
0.95,0.6931428571428572
1.0,1.0
