threshold,r_zero
0.0,0.0
0.05,0.0
0.1,0.0
0.15,0.0
0.2,0.0
0.25,0.0
0.3,0.0
0.35,0.0
0.4,0.0
0.45,0.010743321718931475
0.5,0.10540069686411149
0.55,0.19744483159117304
0.6,0.2854239256678281
0.65,0.3876306620209059
0.7,0.45876887340301975
0.75,0.5914634146341463
0.8,0.7366434378629501
0.85,0.7775842044134728
0.9,0.81068524970964
0.95,0.8310104529616724
1.0,1.0
