threshold,r_zero
0.0,0.0
0.05,0.0
0.1,0.0
0.15,0.0
0.2,0.0
0.25,0.0
0.3,0.0015071590052750565
0.35,0.01733232856066315
0.4,0.06744536548605878
0.45,0.14468726450640543
0.5,0.21401657874905802
0.55,0.3515448379804069
0.6,0.4253956292388847
0.65,0.47211755840241143
0.7,0.5425772418990203
0.75,0.6100226073850791
0.8,0.7773172569706104
0.85,0.8214016578749058
0.9,0.8500376789751318
0.95,0.8639788997739262
1.0,1.0
