threshold,r_zero
0.0,0.0
0.05,0.0
0.1,0.0
0.15,0.0
0.2,0.0
0.25,0.003972194637537239
0.3,0.09533267130089375
0.35,0.141012909632572
0.4,0.22045680238331677
0.45,0.3028798411122145
0.5,0.42899702085402186
0.55,0.6117179741807348
0.6,0.64746772591857
0.65,0.6951340615690169
0.7,0.7269116186693148
0.75,0.7616683217477657
0.8,0.8540218470705064
0.85,0.8917576961271102
0.9,0.9304865938430983
0.95,0.9433962264150944
1.0,1.0
