threshold,r_zero
0.0,0.0
0.05,0.0
0.1,0.0
0.15,0.0
0.2,0.0
0.25,0.0
0.3,0.0
0.35,0.009925558312655087
0.4,0.029311414392059552
0.45,0.0750620347394541
0.5,0.14810794044665013
0.55,0.2957506203473945
0.6,0.4426178660049628
0.65,0.5240384615384616
0.7,0.605924317617866
0.75,0.7068858560794045
0.8,0.7334057071960298
0.85,0.7571339950372209
0.9,0.7901674937965261
0.95,0.7977667493796526
1.0,1.0
