obj,min,max,average
$f_1$,0.0,1.0,0.3574331340027006
$f_2$,0.0,1.0,0.21804494842317923
$f_3$,0.0,1.0,0.2779255202594331
$f_4$,0.0,1.0,0.32946062751347643
$f_5$,0.0,1.0,0.35663999902291077
$f_6$,0.0,1.0,0.18734526297506704
