obj,min,max,average
$f_1$,0.0,1.0,0.33324582128118035
$f_2$,0.0,1.0,0.32284282851142193
$f_3$,0.0,1.0,0.3484511156655296
$f_4$,0.0,1.0,0.3460551407639798
$f_5$,0.0,1.0,0.34230294251247156
$f_6$,0.0,1.0,0.1647419960645834
